country,infection
Aruba,0,0.08675176601809394,0.09371149477309747,0.11890488749589156,0.23692936725275518,0.41786985108147634,0.7490543641219983,2.009118318870127,4.043630889174809,6.7313629897111475,10.637183050376233
Afghanistan,0,0.02478621886231256,0.027222504362324748,0.014204869391375042,0.00667732298948273,0.009682852735784595,0.004206203011357856,0.010264912424738114,0.19530023395912377,0.46364228578666444,0.20884172699060988
Angola,0,0.04337588300904697,0.07799253643948696,0.09015956316118894,0.12364600458043741,0.2987293613363413,0.506134757275406,0.8584399698819193,1.0394218533133908,2.9709178888469094,6.273418939955318
Albania,0,0.04337588300904697,0.012727738436260221,0.01629814129885849,0.016300956736595935,0.0343382175713233,0.03919612431012324,0.08876343363506278,5.025129811478014,11.859539277559957,5.516443883828659
Andorra,0,0.02478621886231256,0.005470988495073957,0.003938094696065566,0.0013649133573838896,0.0014653851876270196,0.00282555746454927,0.004811937801222245,0.14231232731629131,0.34130398591232003,0.15278654296885918
Arab World,0,42.613706779030856,19.0028644564764,13.457006228581808,5.991462895581877,2.861467710158786,3.125508219104843,3.512743364593617,1.4598247319126623,3.385528503104916,5.997991816168878
United Arab Emirates,0,0.03717932829346884,0.04125426827290665,0.04647761856743925,0.07201980324173632,0.10705284287948016,0.16984470831537618,0.26468382619505926,1.1900852324219846,2.915234061483103,2.3590492757096753
Argentina,0,0.0,0.008417866613060293,0.018371914347545246,0.012742827876276253,0.01040612731162036,0.01779859046511827,0.027125434958230596,0.037830410104930254,0.09218953338844124,0.2974002738410511
Armenia,0,0.11773453959598465,0.14488652043876946,0.16653775853108274,0.21860538377295072,0.4757273717962961,0.8085832353757878,1.3460261002609113,2.904965755484109,6.283696329731596,11.80397059746679
American Samoa,0,0.0,0.0037495909054600547,0.00744313835859418,0.012502842843920928,0.030573660805597806,0.02649594736418549,0.06237804986851213,0.11022521363407359,0.22390991243860875,0.48683016625820236
Antigua and Barbuda,0,0.030982773577890685,0.10951033099833953,0.13602668667631806,0.14913717378546715,0.21122996775634462,0.4165103352649768,0.4053950444381871,1.1771766959869534,6.444400509460682,18.040384307988674
Australia,0,0.0,0.016998758335027075,0.030272305453727905,0.04213517711691986,0.06272350151471313,0.12689851278561592,0.13191615355413433,0.35735506107055887,0.805733447472981,2.3377150870848675
Austria,0,0.0,0.004937285124863976,0.00957566086139523,0.018981851153739526,0.02737128726090935,0.04560532997493083,0.03552743178398317,0.1060789069263873,0.28740194829669286,0.33384502245873077
Azerbaijan,0,0.0,0.02917016936001966,0.04682555402103923,0.08494275979741496,0.08675228885507152,0.153931871740855,0.14356628637503321,0.34890596522488054,0.7887434157905465,1.5755529912119408
Burundi,0,0.06816210187135952,0.1438469093221011,0.16658265759122481,0.2127842314859436,0.4726101986042889,0.8066131587521597,1.3890732149733067,4.534491479748602,11.13855526110434,7.836680382302189
Belgium,0,0.012393109431156277,0.025794213556536782,0.04366842189059061,0.05525351669661235,0.11632999549078862,0.20568689725187206,0.35429166980345467,0.7163718162788941,1.6203252228118483,3.3299210397443875
Benin,0,0.0,0.0027049903124867916,0.007980428779612405,0.012960402136140352,0.030487497537164635,0.05556505574347127,0.05253222089260837,0.1828378654832031,0.5320650933600689,1.0969506239862503
Burkina Faso,0,0.06196554715578137,0.10101098112782016,0.12690919566419392,0.23811068801721116,0.40864790039341636,0.6760779579379891,1.1292442420398063,2.813172901691056,6.06235382897046,11.131743668341374
Bangladesh,0,0.0,0.009959515295537224,0.019266635607381278,0.030017390349218933,0.06876314546757664,0.08199901429471548,0.18970389784185956,0.40558335316915406,1.0790365898232992,2.1856574998055183
Bulgaria,0,0.0,0.0041468917748717065,0.009945219956437169,0.02108979816639247,0.02083389822948645,0.02551903352602423,0.062340321146665295,0.129945430622449,0.24353675554940554,0.20000940245316115
Bahrain,0,0.012393109431156277,0.00394193782499749,0.007083855680701339,0.013830679815909585,0.025909925126414386,0.041061083164609484,0.06725402497140755,0.22458630252657952,0.5662313486647265,0.9661663243879857
Bahamas, The,0,0.01858966414673442,0.017555063030871225,0.028028524633528663,0.06364139909777607,0.11732671544108754,0.10656007694698558,0.2181631276069929,0.4649430356616003,0.9733695838700318,1.8663723232294829
Bosnia and Herzegovina,0,0.012393109431156277,0.023302121130809997,0.03403503476283375,0.07306422465980932,0.13376287984897878,0.21909289899316292,0.1851878774372722,0.9823564552942643,2.7303326639941714,4.557777673774068
Belarus,0,0.012393109431156277,0.07888960614432014,0.11223710859919164,0.19191746996459225,0.31004883738282957,0.47468244650517943,0.3582850403092545,2.458564311621318,6.625513962492979,10.962596118319127
Belize,0,0.0805552113025158,0.031203426574666036,0.03819581102864869,0.06904043103201415,0.11867210620212473,0.1090683023189764,2.6387870058867793,5.425466494540114,7.893283974706588,4.771654905427008
Bermuda,0,0.012393109431156277,0.00841299488681113,0.012623416006419889,0.01625825995591125,0.03507917881589977,0.035437890485426976,0.07816417527544506,0.16917143771863202,0.3964194022199159,0.8447510623978463
Bolivia,0,0.0,0.003362246697830794,0.005678926588690004,0.011608023194183565,0.026649342182806755,0.04596996204823753,0.044701306966063586,0.16823777074567078,0.45092992246495944,0.8204739545729071
Brazil,0,0.03717932829346884,0.05039171888458968,0.036770854147377977,0.03159878039205589,0.06397703241957711,0.11786152119835414,0.103572249916835,1.6810695122126218,5.076698615622282,3.087576795762274
Barbados,0,0.0,0.010899277886277238,0.020709113468327798,0.02829379559856616,0.059878655664074416,0.11042660684571493,0.10693863865440659,0.35407384257312824,0.9180210660885963,1.831503982817683
Brunei Darussalam,0,0.012393109431156277,0.01971776962877024,0.028104988210237537,0.03447240555612959,0.07213516495378858,0.1272609091804185,0.1176457057110864,0.39069650041667225,1.0183433813564913,2.015558698223014
Bhutan,0,0.006196554715578138,0.004376578700800851,0.008491570881866993,0.01342872585186068,0.03208096182004373,0.035172607373857405,0.0792907172987132,0.16437235923919324,0.4772007041133316,1.0657504230859467
Botswana,0,0.0,0.00032891199520200857,0.0020372040052289765,0.0029443012743936006,0.007594471846956545,0.008307454867476577,0.020555780047088464,0.05987242191663139,0.17711146375431872,0.3656130525539812
Central African Republic,0,0.0,0.003735067067080302,0.004615573534680105,0.008054015712293748,0.01838301444086278,0.019865440199225193,0.033344316818495166,0.1304907457645221,0.3494012282083554,0.6940256836553367
Canada,0,0.0,0.00961890617389618,0.011706169047165777,0.014475478609795332,0.029416904301664958,0.052733789054356016,0.09003018817793021,0.06609937841729818,0.20880877678804297,0.5461839284185928
Central Europe and the Baltics,0,0.006196554715578138,0.007109685597627284,0.003981711164598052,0.004181301970386727,0.010780120237077213,0.019619136208898984,0.0338219746360135,0.015253201466313641,0.0740440901048345,0.2267900306839743
Switzerland,0,0.4523484942372041,0.4981120284674684,0.2536552940954095,0.26957261741709915,0.13405831918638622,0.1677674507600959,0.22383621142195975,0.38961010581743394,0.38913166817736167,0.967373187513859
Channel Islands,0,0.17970008675176602,0.13834485324912665,0.07990316341587078,0.0916908535481757,0.10474835718292737,0.12693751497872385,0.05909693307092745,0.3917351332884528,0.6149366933308738,0.6458460431856191
Chile,0,0.2788449622010163,0.15453397064156044,0.10316410522278771,0.1235928771077631,0.1453053667885683,0.1780982615398468,0.23036894481620374,0.33476119756028994,0.27628282036976437,0.7600359234541534
China,50,4.7140623343862345,4.79869880303309,0.4170256497283038,0.4616320386458281,0.24881959194335726,0.34626941391414195,0.24205694975809738,0.5769714562070767,1.25229634358084,2.0047180399482603
Cote d'Ivoire,0,0.0,0.0038264609577106905,0.0078022118366139915,0.010198540998289722,0.021704467088862447,0.04040245221865007,0.043917701097968984,0.19554547574894332,0.47671309036411147,0.8331233930365205
Cameroon,0,0.1425207584582972,0.0340759127075238,0.030342360625306018,0.03731284271446489,0.03005742130408608,0.08341194338829086,0.12146637399336052,0.23733935656005617,0.35143028337872173,1.2980142745052157
Congo, Dem. Rep.,0,0.012393109431156277,0.05075687960903099,0.053070222954073334,0.09241844208332975,0.1519525467841214,0.1388151824493011,0.28985327492249735,0.33929874399939786,0.7014167331752548,1.2861222560890422
Congo, Rep.,0,0.0,0.0011145861198862796,0.0024277955508999515,0.0077819447541074655,0.010734981484691942,0.011080254372545673,0.029481679868963467,0.060490911964510966,0.08041205932186452,0.12072741974455885
Colombia,0,0.0,0.009923328417369936,0.020993762271009287,0.029866872780932793,0.04379591879001201,0.09181809632033927,0.18315074613021753,0.20865898299957975,0.5549523608818356,0.9874570377072294
Comoros,0,0.0,0.010994707452537975,0.015814815936913643,0.021498764607389236,0.04531240128712681,0.07636115928523837,0.06466814012291394,0.22616245087954964,0.5907490784011786,1.159750657401697
Cabo Verde,0,0.0,0.008316727990891839,0.015320953914800088,0.020647792385701916,0.05187573017248424,0.06635904207233792,0.16263207456883444,0.5842030835457684,1.5869579111272305,2.615877863501939
Costa Rica,0,0.0,0.012390702599608987,0.021999642050422277,0.02289488748038669,0.0448264271968164,0.042382406791804224,0.05011652670491009,0.12084678109346844,0.27334461757939077,0.5884339269929917
Caribbean small states,0,0.0,0.00040679457812863647,0.0003546837627869335,0.0010438128657421905,0.002455414989983284,0.002176014116534617,0.005769192927658419,0.01107262929733688,0.01986410344964243,0.03529292309569641
Cuba,0,0.01858966414673442,0.004736085125116796,0.005894735685539479,0.015939192531031553,0.04588216785686187,0.06333994869211038,0.08188558572763091,0.16817776376643218,0.26840289558921065,0.9298676822959189
Curacao,0,0.03717932829346884,0.01872085799523511,0.02752624767322287,0.028508096123449796,0.05351684179939563,0.09609473582858546,0.14960316781459437,0.2330690180452522,0.4139855819323659,0.3966750355087436
Cayman Islands,0,0.35940017350353204,0.6035809115795219,0.8047162053183429,0.9533042791659518,1.2921677819811677,1.7681553220537025,3.825185718854592,9.273599192306378,15.52392698061353,29.111471275414544
Cyprus,0,0.0,0.0036302314869995503,0.005722604397006897,0.006028987402429419,0.015026385980850938,0.026894670514644226,0.04796488849607031,0.07506821785456622,0.14816728114262706,0.3285281074749955
Czech Republic,0,0.0,0.017489197917379847,0.026916142842434373,0.04160176339932212,0.057446888304773666,0.11791170606334134,0.11061351501139265,0.19661672258310775,0.6198770754847331,1.407476400507393
Germany,0,0.0,0.0016381309641904142,0.0029456478397932003,0.0073432740885376,0.017860706469993777,0.030645036808515283,0.023949879095620227,0.08725087027596747,0.20513542898344006,0.3774985908842462
Djibouti,0,0.0,0.020240355085026102,0.04118932218734561,0.06360783912316997,0.10791572074368855,0.24158477170707696,0.4791979949797247,0.8933036872491816,1.8696532949602167,4.093669456844562
Dominica,0,0.0,0.00698394478511557,0.013960060723501044,0.03196621296399191,0.03624066089126934,0.04952804085055357,0.06389837963443358,0.17293878831551396,0.5523694419721906,1.4651797593506786
Denmark,0,0.0,0.00395000598087282,0.024737790639663942,0.07311028942611059,0.10070103039012446,0.135191925401874,0.3573571949911798,2.074308102081468,5.206129028233352,4.25355757980139
Dominican Republic,0,0.0,0.003661209859689717,0.008308532419941285,0.012550852895380205,0.02967091947041612,0.060480427983075014,0.11230429637230122,0.19526976388587772,0.40757468898987725,0.8796057723260602
Algeria,0,0.0,0.009909273922492738,0.01767185302341881,0.030275930066220244,0.052923505725049114,0.11005960332344958,0.21202988336535147,0.44602140668760637,1.0393651463760702,2.1947984203796045
East Asia & Pacific (excluding high income),0,0.0,0.04482119649237725,0.07353514353765528,0.07466411966374312,0.12347462425790064,0.21672756075933447,0.376570240425811,0.274685001788752,1.8989447898719467,6.5840428311127095
Early-demographic dividend,0,0.0,0.04977775291134462,0.0462986675224666,0.05006445612109847,0.09438927613163003,0.09637013059369953,0.2186619836818225,0.2425449882270395,0.389443323771763,0.8767993129940804
East Asia & Pacific,0,0.0,0.011039771572092074,0.015170392004231033,0.03169554601134276,0.03485562427207364,0.06969220678319632,0.13434531821731424,0.14303261412174048,0.24910584163574215,0.5482498724475905
Europe & Central Asia (excluding high income),0,0.0,4.9704984349557266e-05,0.0016552159150501305,0.0042426051183618065,0.006703068670479052,0.020569127614624247,0.045609106137728915,0.02762658091520631,0.07796419940771257,0.17180875450630476
Europe & Central Asia,0,0.012393109431156277,0.056244888290179915,0.10589447478412434,0.1449329118334623,0.2118436875795517,0.5307032995551211,5.483952184281695,11.63622069898982,11.060961974433184,8.941690601421659
Ecuador,0,0.0,0.016809016939796428,0.03032027959956401,0.041315194285644244,0.06242324172927385,0.09132790563780221,0.21702935674179713,1.5353317725732758,4.203249008481108,6.575269247765579
Egypt, Arab Rep.,0,0.012393109431156277,0.015297908022556744,0.012536942423344497,0.01392347971838943,0.02046979763522768,0.05337485973811297,0.05510814057438627,0.14403098424398267,0.21784915475942251,0.51179866780927
Euro area,0,0.012393109431156277,0.022285105784410807,0.04350320360433876,0.0922252339826416,0.10560733254492101,0.24944394415827864,0.43112709205341937,0.7134628596058055,1.295639032323602,2.5082468864889536
Eritrea,0,0.02478621886231256,0.006580465842983253,0.0052609506174325455,0.005447228360356061,0.008085066302660938,0.02394893268786031,0.058912023668554414,0.10658907404745789,0.10086414838025892,0.18689616157453587
Spain,0,0.0,0.0035952665114380613,0.007259411187617973,0.008500578781221794,0.012243503971561195,0.028484091238854974,0.05688133841364723,0.09359561639014657,0.19887335758783578,0.4516184489788665
Estonia,0,0.02478621886231256,0.019127413348844276,0.027004397228745265,0.02556428658614024,0.035300883014272554,0.09163929057923553,0.2065047143581984,0.14697295141463834,0.4509220647163138,1.1798679502609069
Ethiopia,0,0.0,0.011389073696758437,0.016705959763409446,0.019024467022604852,0.04168722121009476,0.07344850886753235,0.12188457086182741,0.0871894093264809,0.30367718804741983,0.8408121004318092
European Union,0,0.006196554715578138,0.00973513354766453,0.013152155520197573,0.017760081838448235,0.031479202331921356,0.05109312043875656,0.12841632181656493,0.16366473982194835,0.4567635917557541,1.121696580089614
Fragile and conflict affected situations,0,0.0,0.002181071706415615,0.0035870465190030866,0.010398747330667032,0.025586479569650537,0.04608258005028079,0.0812358233450205,0.05412041429035135,0.1670214297362392,0.4628850079832675
Finland,0,0.012393109431156277,0.01025201011646208,0.022892823244884605,0.051725414128314495,0.10466869014500675,0.13465362243550155,5.925453727802475,12.49806436380111,7.3614245010156205,4.932773806863406
Fiji,0,0.01858966414673442,0.01632272108741025,0.025389290973716186,0.034651256614416204,0.07759129157844008,0.13739282870179345,0.1264305316782895,0.3637732936697381,0.974945968337012,2.0561536999652055
France,0,0.0,4.9704984349557266e-05,0.0006718047506319684,0.004703272384852357,0.02084817304092322,0.0389481486355722,0.09985226988994411,0.08699589586246459,0.23717129495109335,0.5967754356969738
Faroe Islands,0,0.0,0.002865448746888512,0.008585285906781757,0.017443363459671714,0.0285870404256582,0.049329138938364554,0.029659794284911948,0.06832240047105637,0.15507683286835527,0.332012883025374
Micronesia, Fed. Sts.,0,0.0,0.003882905556462524,0.005579245067365572,0.008434807222969555,0.01588217528742962,0.027435974441596823,0.02034552541909393,0.04517508430999699,0.10858290471963178,0.26393395976286327
Gabon,0,0.07435865658693767,0.07692856524928601,0.11700481899474444,0.1399009650679434,0.18341049766826206,0.3762153916641839,0.6726658629952287,0.7220751662947964,1.9656041707023797,4.524662457830822
United Kingdom,0,0.0,0.0,2.9209073588965838e-05,0.00022988362060475217,0.0007053507159586988,0.0008196159917390958,0.0021433722622211716,0.003717386615450716,0.005591855127951883,0.009473443412044289
Georgia,0,0.0,0.00529294358983875,0.013478908418676692,0.027868093001259926,0.030928985425399777,0.07402857887007612,0.15153908598633611,0.16146132668455893,0.5648327681414481,1.541231887645502
Ghana,0,0.0,0.0024659403827637138,0.0031538569765551,0.005926098725057512,0.010451517148896899,0.00655146262280742,0.008346259986215495,0.012887785229161534,0.04232495112376685,0.06060456014201493
Gibraltar,0,0.03717932829346884,0.018703467428031494,0.03226422371370963,0.06691141700435699,0.07767160350415817,0.17203965366992774,1.8063172166858692,3.7494848745567912,2.321789356739023,4.143379623986556
Guinea,0,0.0,0.034633884694247136,0.08404910318991841,0.11296062622890321,0.15364998204685298,0.3839646947419132,0.7821396930218538,1.4664959570437293,3.6239267839197753,8.918676553176521
Gambia, The,0,0.0,4.9704984349557266e-05,0.0017188900127196897,0.004485583927274919,0.00869051533678735,0.018314942470546616,0.055216630563685705,0.15036165375078225,0.3661527517584848,0.259171470571778
Guinea-Bissau,0,0.0,0.009897274892937307,0.004494720178600257,0.006590946118781349,0.011706529405065662,0.013869004979599612,0.030361566716085336,0.023072321819332386,0.052567801801210075,0.1303443829322768
Equatorial Guinea,0,0.0,0.004023890212958956,0.0044825240820973705,0.009100122657555687,0.021392708951815047,0.037839627899169115,0.029744550090838564,0.0941959003272985,0.3777919082442842,0.9585337489860587
Greece,0,0.0,0.005938364935762382,0.003841440125569486,0.005154329769187695,0.011068456230237847,0.013238753190938297,0.02602892644265948,0.02711749731498307,0.045326361484524395,0.07021460635874809
Grenada,0,0.02478621886231256,0.005943791789615831,0.0036813344365632726,0.00300918430246049,0.005741198507505521,0.008742108422308248,0.0057312016301523695,0.01589620511885476,0.15893400843732408,0.5337054132006674
Greenland,0,0.0,0.001439013194680645,0.002106261277268844,0.003132796838739248,0.007129424738683892,0.013818344580616992,0.014111728776056614,0.1151051145614373,0.3387304410308193,0.5790917059862201
Guatemala,0,0.0,0.0037428642183222173,0.02970620038201913,0.08771690919242599,0.11056073921878207,0.29090797230957166,0.21404108390322016,0.5160614497505852,1.0787444623119464,2.0314732676216316
Guam,0,0.0,0.0010406487993185087,0.0030569221203450942,0.007260111158651654,0.015977418817808505,0.012840506743010755,0.031194217713468562,0.055948669329995156,0.11247001244159269,0.2378472338433778
Guyana,0,0.02478621886231256,0.004745449847271668,0.009571948329069872,0.001830426367230434,0.0010315095362053255,0.0024139918335857524,0.0010540174189585254,0.003348319889342052,0.00349093806666947,0.005304219165304042
High income,0,0.006196554715578138,0.021383388565485103,0.03309299248847259,0.025390074008557015,0.04943223797942085,0.05447045760000349,0.12069965944191605,0.3470970998922439,1.0998352488187242,2.454392236310764
Hong Kong SAR, China,0,0.012393109431156277,0.0029718958981275884,0.0028912940995413586,0.009216237112941613,0.023325627737801294,0.032214538998698666,0.06679026776275632,0.29611625289903953,0.5229062382339754,0.5002200550275422
Honduras,0,0.0,0.00019881993739822906,0.00026698611266681797,0.011216418441967422,0.03681331938385709,0.05540521769214043,0.06866374603207351,0.1976279297856688,0.3143256431143675,0.7514394001876457
Heavily indebted poor countries (HIPC),0,0.0805552113025158,0.08879306586476918,0.15502745937510953,0.31947724349569995,0.24909261349989698,0.4320248662547912,0.6979078638016849,1.036153704756869,0.3830463434174014,0.8624784077996208
Croatia,0,0.0,0.008182961612853002,0.019254427021720318,0.03492135966118958,0.05863872443357161,0.08795039106236638,0.2204036041518414,0.4974760048067761,1.1439688090720757,2.70427167157934
Haiti,0,0.0,0.0,0.001879430642137092,0.003395479528732269,0.005788851910787124,0.015107779275980338,0.031385826584988535,0.024690069756097353,0.07976324014039483,0.215517795555554
Hungary,0,0.0,0.018727371551693274,0.024682881536162212,0.03142707254756555,0.05356922466306302,0.04805697650516545,0.09013399922053365,0.15938202676527213,0.32129173462179333,0.6295489211471812
IBRD only,0,0.0,0.000885222102225448,0.009709252321242577,0.014152937613605534,0.031371431382552155,0.03281460547862879,0.07301030634580286,0.1329383230102475,0.26475091229454173,0.6795960569293744
IDA & IBRD total,0,0.0,0.006321564575175568,0.008540476138900471,0.01185361493511021,0.01883037404720206,0.034627339312563586,0.06412357520283954,0.04514332509005388,0.13414046624071763,0.4265813096922316
IDA total,0,0.0,0.01622599818627827,0.027352587560421148,0.044334068718305884,0.059246738479562605,0.0773844151720065,0.16239454722233865,0.20110346860469147,0.5914547576387248,1.3919365817067164
IDA blend,0,0.006196554715578138,0.03227199895724686,0.0593202210679997,0.07482393070532709,0.10494058611507631,0.28186177776547244,1.385870210544564,2.6986606546903853,1.5370786100732914,3.6301229281241723
Indonesia,0,0.0,0.003342646086452495,0.003025089632853077,0.0030217889845481722,0.00566931444340694,0.011628913612158346,0.009052653617332007,0.06831142780945625,0.23089308869966685,0.41810255410777003
IDA only,0,0.0,0.0016683031926556528,0.003729274388660668,0.008585327410261082,0.014950133800346932,0.020853260216925358,1.652039046760408,3.3062081972403248,1.6871608249343593,0.823017531741242
Isle of Man,0,0.0,0.007319554922932106,0.011260456160135273,0.02055463350541276,0.004668339132560179,0.004462727260322869,0.009314743171657387,0.01593225721994856,0.03171594530309943,0.03363626274190972
India,0,0.0,0.0,0.0,6.581090557033236e-08,5.232428462873322e-07,1.6439457326270042e-06,1.9512895084684337e-06,6.7805172854078324e-06,1.515615364956165e-05,2.7755151197383018e-05
Ireland,0,0.10534143016482836,0.031373768602886626,0.0423681268562291,0.07533870929362202,0.12558120383615834,0.1311306356822301,0.2907977752728411,0.3631282892595593,0.9826041760305071,2.1172254271050317
Iran, Islamic Rep.,0,0.06816210187135952,0.0745885092556304,0.03755937786319566,0.0401701510891086,0.012042947113596679,0.021627137104193124,0.018358316128897184,0.03237172785554472,0.05763030144732068,0.23605829619135535
Iraq,0,0.0805552113025158,0.051598436656311,0.03423475893625654,0.04256452862344763,0.019283517182041687,0.018746585875621658,0.04242405109783036,0.037944300874660136,0.10109832260022943,0.34280221147321466
Iceland,0,0.01858966414673442,0.009993554040222315,0.011108210883726048,0.011549528401352765,0.022901200175506696,0.03003720109283989,0.04772831092796885,0.11742709459300513,0.2910168236382735,0.6708125993686724
Israel,0,0.0,0.0,0.00886959947703655,0.0215504754496784,0.03268238959066505,0.06762405697675627,0.1799789725824349,0.6083687945890137,1.3440839486823313,2.419774932794412
Italy,0,0.0,0.0,0.0022312164136432935,0.010000105822020912,0.010653161673622675,0.029235493236378807,0.06436766542501887,0.03366959182194065,0.08735458180047095,0.1428548630226012
Jamaica,0,0.0,0.007543631827660344,0.009845776806251904,0.023908432714304286,0.049573443664773356,0.07108377755815509,0.17987720120630907,0.27475107111117575,0.5152803126897597,1.1653787112702152
Jordan,0,0.0,0.00026941542241644086,0.0013260049989816977,0.004552313734660765,0.005923195385750714,0.012087095839493375,0.017560331145827272,0.019952918708881103,0.07096247323448268,0.19034957719260984
Japan,0,0.0,0.0031479823421386274,0.00448932972242005,0.012034584565334976,0.011454698791321659,0.034351787928125765,0.05644190382635414,0.10177912600732278,0.18355057819940293,0.31674938637630623
Kazakhstan,0,0.0,4.9704984349557266e-05,0.0001910312528982782,0.0009195576665350243,0.002146804679037922,0.005789915348353852,9.656486767722301,13.036766693023987,8.758547497414813,4.302226283403622
Kenya,0,0.0,0.00024852492174778635,0.0048045628461891475,0.019677034017363024,0.03530063971383625,0.09082839404375426,0.20370357812077544,0.3562750802419012,0.6522408261105548,1.1554202995945055
Kyrgyz Republic,0,0.0,0.013086381084643479,0.017748441671870046,0.03364862612208022,0.048328083784427454,0.044614129039880435,0.07918843114358028,0.07546166265052015,0.2900824392297138,0.7417070763864826
Cambodia,0,0.0,0.0037724593066806884,0.013056438296780097,0.025211028624981514,0.03827641303429607,0.054478356696946006,0.11756618995957524,0.2603842070160922,1.015918911136758,3.6557754822750566
Kiribati,0,0.0,0.0,0.006644368920615502,0.013995617505959231,0.023941572761416723,0.05627592985428012,0.05242353773013733,0.06469149687100718,0.23611531714146033,0.6640199436255805
St. Kitts and Nevis,0,0.0,0.1724399195830558,0.1666613426921889,0.12664399910279958,0.2074976060669359,0.3066103564847135,0.18514563591771518,0.3534355037999174,0.6298607603646867,0.30517455054414655
Korea, Rep.,0,0.0,0.0037920317577312375,0.0042673261195137185,0.007226438765861975,0.004088005086736211,0.0094820807092874,0.016641920194373452,0.029082977037943165,0.059083860019595535,0.11246031631671272
Kuwait,0,0.0,0.004321561215052639,0.008705782536504612,0.01383715499950287,0.0326008293846604,0.06489626937121111,0.07112615454975954,0.18624620318487992,0.49016462989365106,1.1684794975892137
Latin America & Caribbean (excluding high income),0,0.0,0.0040296047778387595,0.0032862714430524752,0.006283594969524155,0.018968756436966373,0.021669933104464287,0.057463685354867004,0.16518290823198492,0.5122496466002173,1.0932556976950134
Lao PDR,0,0.0,0.005408203230086875,0.008344615523943631,0.01679728126063857,0.020998703953209602,0.05013746453933042,0.059764483550359626,0.06689694763292345,0.23671627669862821,0.630042238840655
Lebanon,0,0.0,0.012871621156414813,0.008103159875421552,0.01335125585542193,0.0236426965695302,0.0260754100180866,0.05582725882543832,0.05227543243111561,0.07593273950322452,0.18250177008890942
Liberia,0,0.01858966414673442,0.02034232042428708,0.022213335295914682,0.0033112513740850384,0.004014172709190716,0.0017209691099853409,0.003317001871519538,0.006147211642283648,0.006274963951309451,0.019128600929510724
Libya,0,0.0,0.0017760825617899128,0.012150566635693274,0.04203937637976457,0.06552582076760316,0.19129694907469896,0.1717798009102399,0.5150185875067584,1.2225505974877324,2.5308739215141416
St. Lucia,0,0.0,0.0,0.0004895846339806707,0.0007848156377150006,0.0007227339907890636,0.001862642357242677,0.0014697481497713337,0.0037012063363239174,0.005858270214354653,0.01074963225160613
Latin America & Caribbean,0,0.0,0.00026941542241644086,0.00044641624315228627,0.0009164883024366863,0.0025114658374920085,0.0043326693752755874,0.010208876440094935,0.010078603322500969,0.020573012485592554,0.059669670827100944
Least developed countries: UN classification,0,0.0,0.00309827735778907,0.0027615671497435313,0.006708065401357673,0.005688185932926918,0.012201975442717065,0.024006275656361143,0.04905564298924518,0.09444233604157792,0.16087278150815632
Low income,0,0.0,0.00531133261335269,0.015269683455485416,0.037034631255037996,0.05162332476127916,0.07612396637533966,0.1895857834932847,0.6657466221780775,1.83335185635482,3.2422371145397046
Liechtenstein,0,0.0,0.0005561010642185509,0.0010684190622971858,0.0024121514745513964,0.0020830816235083696,0.006203011181482746,0.013338170220003805,0.024840268109739938,0.039487786044714535,0.07875376026381584
Sri Lanka,0,0.0,0.0005561010642185509,0.0013196558621288625,0.003460829072348819,0.0071998270254480835,0.00988422352797631,0.02371724135957349,0.03304619875533222,0.08744400513190412,0.12144608577827999
Lower middle income,0,0.0,0.008521341499205805,0.013054215175941124,0.023270038042591524,0.03804530321178974,0.08282076204360875,0.16825118595461422,0.1850233578347683,0.49569298733977907,1.2217709381197857
Low & middle income,0,0.0,0.0,0.002528939703048237,0.01692913046436709,0.03433971963827196,0.05129537850705941,0.06325941289644649,0.2187527040437765,0.8816692108822539,2.5341797786451754
Lesotho,0,0.0,0.007671924885953886,0.004573400617497658,0.00920340961264791,0.0230753029250074,0.04768501912374763,0.04024094463974034,0.28454882666460507,0.894552337411912,1.8572504772576408
Late-demographic dividend,0,0.0,0.0,0.0006101090381093716,0.002319653810337755,0.0037669512938960895,0.008965854482459729,0.020414936220324167,0.01410828238382206,0.09633172734812022,0.3278426890436563
Lithuania,0,0.0,0.015343849771907772,0.007799589027045525,0.011583997380343606,0.029544551088337596,0.059032789357664865,0.04445936915764972,0.560404577418776,1.6573549728464652,3.3186046483337255
Luxembourg,0,0.0,0.03245814374826644,0.057725593400932064,0.08708859704722162,0.1319682225897624,0.1831946411473258,0.2525985489954235,0.6470584649207108,2.077453428463113,4.526793498055888
Latvia,0,0.0,0.009835801135838314,0.012837943805441957,0.0248013466421671,0.023076888854916922,0.04391425823288631,0.0806200319700218,0.05810263219478562,0.16744154260500882,0.48887002741390917
Macao SAR, China,0,0.0,0.07455229892179949,0.1517586216369501,0.22088457042980925,0.2908571273411686,0.3685910916202002,0.44625101319884314,1.2455129448451332,3.179276705204276,6.4173908832130016
St. Martin (French part),0,0.0,0.0,0.0021040045368566954,0.007359780650283051,0.015312425350663749,0.016272206386069233,0.0423701064133475,2.5992089408275656,7.045876846522885,3.76099048806272
Morocco,0,0.0,0.0,1.0404441507729777e-05,1.35666237631305e-05,1.692130871245563e-05,3.5896093166517595e-05,0.0001033243295095239,0.00023301966281891895,0.000129109645831567,0.00043801002718696325
Monaco,0,0.0,0.0003570895937790792,0.0004634413507009898,0.0001830404296017489,0.00043928913536554087,0.0008676368383091741,0.0005028014742770704,0.0014966053573194477,0.0014362392381911935,0.004788099178778628
Moldova,0,0.0,0.018731624360021185,0.022740069833336343,0.04382179257163226,0.04704477258328605,0.05797975482153758,0.1392668354518807,0.16585147790909066,0.2510285853761812,0.7868321624088462
Madagascar,0,0.0,0.012393109431156275,0.02309343358542117,0.034093657685198786,0.08258522061011775,0.16604563690817203,0.3043694066196937,0.5344139245676016,1.1053241894685355,2.3397250926865887
Maldives,0,0.0,0.0,0.0030101455492907454,0.004811809028518851,0.004192366399717925,0.007601286723832212,0.01956556650171373,0.45962910006719526,1.215486275662007,1.6738383016355807
Middle East & North Africa,0,0.0,0.0,0.00021720017836220534,0.0009427855221515354,0.0010783691774581834,0.0031605974375596745,0.0033645606965999617,0.006571491336171165,0.015617297107098006,0.03773332895801542
Mexico,0,0.0,0.004752307212139546,0.0032464464611534323,0.004115371462019106,0.00631742398388964,0.01650406364785505,0.01965944871641618,0.06900332282037276,0.17032377879720373,0.33094206415310606
Marshall Islands,0,0.0,0.0007149870825667084,0.0018244638501100315,0.0027113510981213143,0.005369947560422433,0.013324147523729159,0.027995014925913754,0.024490131760817085,0.14465829879930464,0.4932837341823053
Middle income,0,0.0,0.0,2.7242371939327527e-05,0.00016409833627413866,0.0006398966832153537,0.0007222767986299508,0.000952003429256013,0.0032886786961801445,0.01673177548372953,0.05048010129528854
North Macedonia,0,0.0,0.0036854243647750544,0.003977856878709447,0.008083063962072572,0.014003272202625398,0.02646792099011363,0.017678680236945972,0.046893134742300016,0.1101179138948212,0.07629812785674996
Mali,0,0.0,0.0,0.0002617249533106656,0.0006605719523264067,0.0011729218302391187,0.001824275766757387,0.005873152313814003,0.014080235781287035,0.00968733920486202,0.030737194553512624
Malta,0,0.0,0.0,0.0004984710011075186,0.0008554469492707557,0.002321445969426873,0.004643248717407615,0.009463231755733574,0.019614172938962122,0.03283223882853931,0.061886137403527594
Myanmar,0,0.0,0.0,0.0004842860887371749,0.0013973444887254234,0.0016929618039692685,0.004823810646554299,0.006420199836215005,0.014543219358767331,0.03766417826246346,0.0812243367875469
Middle East & North Africa (excluding high income),0,0.0,0.0,0.0005848678464393128,0.0019390310063317749,0.0021558150769108077,0.0065979720355617225,0.00735162328920852,0.010513683088839485,0.035867049717925155,0.09259857043074436
Montenegro,0,0.0,0.0,0.003848209410471904,0.013212324384384598,0.021490591323713126,0.02487061892207412,0.06895150390973925,0.15708306488542362,0.323340638892621,0.7331106493639519
Mongolia,0,0.0,0.003958909957174922,0.0013086457560767886,0.0009784601323437983,0.0020173699736884994,0.001087635192632972,0.003424855918737817,0.00396399984855662,0.0072795258783294224,0.009931444274735508
Northern Mariana Islands,0,0.0,0.000120321450787925,0.0003732235934013038,0.0005294526833028708,0.0013616199518979822,0.003918598353372919,0.004953032726763845,0.009668866944674741,0.03318793754805409,0.09406270298173446
Mozambique,0,0.0,0.0,0.001066223663430722,0.002280189539132565,0.003659974847181233,0.006604021495453808,0.020559022057439286,0.04745319226899995,0.09760111612780656,0.20020792448603933
Mauritania,0,0.0,0.0005561010642185509,0.0016173537471361058,0.003757032864236288,0.004672131401153028,0.008873410844541576,8.054405961441205,13.808630292011896,7.48423189685376,3.8396550186931493
Mauritius,0,0.0,0.0,9.462351523078784e-05,0.0003359962616730306,0.000848022227817629,0.002309163174317767,4.828039176011459,7.895055682184024,6.712711011038138,2.4040864325196774
Malawi,0,0.0,0.0,0.00012084080428839466,0.0009813337059334493,0.002256010677262098,0.003992321499876472,0.8117405040231328,1.62817563801968,0.9588604869025712,0.40907802160811535
Malaysia,0,0.0,0.0,0.0,0.0,0.0,0.0,0.0,9.436342175553123e-06,0.00011035010812241583,0.0002105160428001914
North America,0,0.0,0.000885222102225448,0.0049657530906567614,0.007358128402735335,0.014084430801169678,0.02427480977611187,0.04438414288444658,0.029415434708919802,0.09128321130877323,0.2464831703349118
Namibia,0,0.0,0.0,0.003065220718595134,0.0033960406673741684,0.00931815331847477,0.007782525086054336,0.01946551185280504,0.03863794695619395,0.07966644269780077,0.17939834807307953
New Caledonia,0,0.0,0.0,0.00010593118986322434,0.00021222584964208796,0.0003481942262701445,0.0012989756527805193,0.002132048307797577,0.005144028289607307,0.006089713905254928,0.011884681904094122
Niger,0,0.0,0.00026941542241644086,0.00029177418941277536,0.0004482334903424105,0.0006449134878135699,0.001361355098282138,0.003623156806130374,0.00285656970487629,0.009013877029237482,0.024748636334949066
Nigeria,0,0.0,0.0008082462672493225,0.001065353942581078,0.001984543370044961,0.008992301511527988,0.019041683648845037,0.03142815008896777,0.043521743758763776,0.06672906067710678,0.21383835799388023
Nicaragua,0,0.0,0.0,0.0,0.0,0.0,1.6158548013644848e-07,1.0499803594731845e-06,3.8411638519722126e-06,2.7664875745444018e-06,9.933706687441714e-06
Netherlands,0,0.0,0.0,0.00038389230520144863,0.0018478001971738035,0.009735691764727186,0.01995953530608667,0.03584432733410686,0.0560896971620476,0.0609908390295338,0.22010024484806617
Norway,0,0.0,0.0005388308448328816,0.0005376884192738611,0.0008335177356930343,0.001147414593088351,0.0034763176625663772,0.007614314022099798,0.005515134245315058,0.016620880415145194,0.04575354374654615
Nepal,0,0.0,0.0005388308448328816,0.0007982654023464356,0.0021191837180430063,0.015348603539679009,0.0649040248623146,0.0629587082428533,0.062080994037714096,0.0780807422028818,0.26165305255352767
Nauru,0,0.0,0.0005388308448328816,0.0007218321364515906,0.015341537687798145,0.04150200865435701,0.06621874773971637,0.08647578253102672,0.10523098948680072,0.25212160964628794,0.5023532562273276
New Zealand,0,0.0,0.0,0.00011742766497422523,0.0012524979571590495,0.0025586767729292277,0.004521119705904473,0.014578105268697107,0.02618509955045168,0.016216968641376648,0.07133777990650184
OECD members,0,0.0,0.00026941542241644086,0.0002612008830443877,0.0003901162938469389,0.0005504507119971621,0.0016749621840518865,0.0036661625987916896,0.002271238695236244,0.007543315412964725,0.021672967098790248
Oman,0,0.0,0.02478621886231256,0.007737841599504754,0.004935324124376448,0.0018717120080468277,0.0016610061334645842,0.004486563597592188,0.009298501393842713,0.14381734463240153,0.48512132740759734
Other small states,0,0.0,42.613706779030856,27.719735088391765,19.548991621897525,8.577328203913282,3.847844447351843,6.856825922349348,10.369569174651165,2.3849848094033312,5.770513298531236
Pakistan,0,0.0,0.01858966414673442,0.019565445381109305,0.03499651819492892,0.09863791728756688,0.21596463267390986,0.1513298519040968,0.3694929793705808,0.8344360141028508,1.8078055922787404
Panama,0,0.0,0.012393109431156277,0.021233167063427205,0.03566692040666643,0.049403452092296574,0.12153861703363467,0.2487995261209373,0.17495425487593844,0.5656507550702237,1.5839941338984422
Peru,0,0.0,0.006196554715578138,0.013306240296299152,0.005724144724999835,0.004845727949233154,0.015625848185170342,0.03524498438151033,0.06906695893497652,0.023575952044741187,0.09762004211314015
Philippines,0,0.0,0.17970008675176602,0.25633067004243393,0.17119218970737646,0.2628830430769801,0.3676313997700834,0.4945689123995213,0.15785177417854046,0.5495869071166011,0.616945593165151
Palau,0,0.0,0.012393109431156277,0.0631499890346316,0.07556031752639022,0.16797875959350697,0.3199313062610123,0.20455692840680745,0.49441020312791867,0.4373204044251421,0.7032652078507938
Papua New Guinea,0,0.0,0.0,0.0011145861198862796,0.003542381666866367,0.008220148276786882,0.011713150665110543,0.011894766923180677,0.041376446776375246,0.10186735850102141,0.1822794163373145
Poland,0,0.0,0.0,0.008316727990891839,0.018282854651805288,0.028314726739119566,0.08019045690252533,0.08265529753201666,0.24528737203897905,0.6334759991860536,2.220433906900321
Pre-demographic dividend,0,0.0,0.0,0.00040679457812863647,0.000400413083586535,0.0014442259493111526,0.0038996409388549922,0.0024664397525230863,0.008235632678963399,0.019308261961629193,0.039172365324631586
Puerto Rico,0,0.0,0.03717932829346884,0.02328013581930056,0.03581718270288393,0.043528069410328725,0.09704491119422323,0.19313964692856256,0.34274281423146946,0.5758118301286379,0.9897974057013773
Korea, Dem. Peopleâ€™s Rep.,0,0.0,0.0,0.04482119649237725,0.08949766330099936,0.11204931438271706,0.23552393862639023,0.4522514992752126,0.8288217389634351,0.4311490089625177,2.330093798229144
Portugal,0,0.0,0.0,0.04977775291134462,0.06402640409922267,0.0768674771880164,0.17125675329207396,0.1315611786544567,0.3502231622325726,0.311980157016188,0.39084711064931577
Paraguay,0,0.0,0.0,0.011039771572092074,0.019102071336681792,0.05079761734301179,0.05202573506152688,0.12171794182783766,0.25606325990723783,0.19345011861257444,0.24994010601227892
West Bank and Gaza,0,0.0,0.0,4.9704984349557266e-05,0.0017049208993987187,0.004425111074226537,0.007235260314533278,0.0278043879274513,0.07341349402826006,0.036719494100931914,0.11468369344381085
Pacific island small states,0,0.0,0.012393109431156277,0.06863799771811234,0.13033905638179244,0.19937847859223248,0.2790904448602983,0.8097937443312326,6.293745927968102,17.929966584581614,17.210046410785445
Post-demographic dividend,0,0.0,0.012393109431156277,0.027691017450995475,0.021278795127018198,0.022846764863969235,0.028205639241616932,0.08158049897025565,0.07374316571622616,0.2177741498902101,0.21864518255765866
French Polynesia,0,0.0,0.012393109431156277,0.03467821521381131,0.05585342490559142,0.14807865887342533,0.15565942377718922,0.40510336783532513,0.8362304591802219,1.5496933150480703,2.8453323316497676
Qatar,0,0.0,0.006196554715578138,0.015931688261236344,0.018826031021377147,0.02565479777381166,0.040165834911343304,0.05925559677288157,0.1876719185583356,0.2006163501606894,0.6573799415335981
Romania,0,0.0,0.0,0.002181071706415615,0.003806918970792297,0.01199518281050337,0.037581662377913216,0.08366424239619857,0.16490006552197684,0.07938347085618622,0.2464049004005619
Russian Federation,0,0.0,0.0,0.003882905556462524,0.006018293909264153,0.012333274575298706,0.028215449860233714,0.05565142427611378,0.027990154284081768,0.07316523856283684,0.18174814304439202
Rwanda,0,0.0,0.0,4.9704984349557266e-05,0.0017365918336695917,0.006222175760875384,0.010278135720262057,0.020445614599404593,0.07566224515918217,0.2260238988461442,0.5921766499276317
South Asia,0,0.0,0.006196554715578138,0.027579943280520547,0.060672935755202294,0.050833333502718625,0.10026557145381294,0.07492315482680335,0.1956228142003574,0.38575935640593184,1.48559460350666
Saudi Arabia,0,0.0,0.012393109431156277,0.004569727735518217,0.004518746622049362,0.013734983734604939,0.037060611461644535,0.03995833659824472,0.10674860433314481,0.3263654489564384,0.5245321898549624
Sudan,0,0.0,0.0805552113025158,0.16934827705622202,0.21533877253489672,0.5348160152886892,0.42986586046062103,0.8618907255059578,1.5597985836036832,2.595952260905781,0.4683771607684868
Senegal,0,0.0,0.0,0.000885222102225448,0.009809518837343656,0.018259442481548316,0.04963087385902664,0.04293857148142574,0.11594887780159899,0.24888720061795785,0.5136381117999647
Singapore,0,0.0,0.0,0.006321564575175568,0.009251107179304335,0.013642057321892848,0.02557345830712205,0.06020079760883676,0.12432437273698241,0.06876107815437164,0.20290154428224677
Solomon Islands,0,0.0,0.0,0.01622599818627827,0.028960628816753653,0.056478738911069706,0.07837025906727887,0.09363068114901874,0.2560252283188084,0.2521277265589279,0.8435824837939307
Sierra Leone,0,0.0,0.006196554715578138,0.03846855367007858,0.07302032495286497,0.10539202734631295,0.14056416219009446,0.4224259399044704,1.808296149881932,4.506956792929905,2.1940952849769406
El Salvador,0,0.0,0.0,0.0016683031926556528,0.004323420122590071,0.012908747532669174,0.027858881331088693,0.026628445873607007,1.678667492629076,4.9848756561561585,2.3091975243921374
San Marino,0,0.0,0.06816210187135952,0.14275061056997335,0.08839825810561888,0.12856840771162142,0.038856734515212224,0.06048387153058637,0.026949121465756377,0.037491220383003475,0.057817082587913106
Somalia,0,0.0,0.0,0.013086381084643479,0.022408995897094976,0.056057622014608025,0.10438570574781833,0.0725650241035197,0.15175345515721356,0.09802576749798175,0.38810820652839645
Serbia,0,0.0,0.0,0.1724399195830558,0.22807370643964966,0.22212123918019078,0.4296188449565165,0.7362292000086145,0.35268738378092535,0.7061228862247202,1.3359836403926735
Sub-Saharan Africa (excluding high income),0,0.0,0.0,0.0037920317577312375,0.005617811751639248,0.012844250513440833,0.0052770242476203166,0.014759104955457856,0.03140102513791115,0.06048400211097229,0.11956786176306193
South Sudan,0,0.0,0.0,0.0040296047778387595,0.0038055946188386546,0.006870978471515955,0.025839734906790694,0.023541535497350656,0.08100522083611145,0.17781622974763203,0.6900658754222985
Sub-Saharan Africa,0,0.0,0.0,0.005408203230086875,0.0102706808167889,0.02706796207471357,0.0301638294504629,0.08030129397489547,0.08612196487575598,0.08174879706852134,0.31846507363480564
Small states,0,0.0,0.0,0.0,0.0004895846339806707,0.0008241880726540729,0.0008089286843207747,0.002671571041087806,0.0017895880246118863,0.0054907943574621,0.011349064537855676
Sao Tome and Principe,0,0.0,0.0,0.00026941542241644086,0.00047311605599070387,0.0009591768633388574,0.0034706427007735186,0.004531494595049601,0.014740371032954964,0.012464419347520114,0.02067901761735511
Suriname,0,0.0,0.0,0.00309827735778907,0.0030982111913910224,0.00980627659113983,0.006868715814051472,0.012702133267837926,0.036708408913752474,0.08576405176741204,0.1802063870084047
Slovak Republic,0,0.0,0.0,0.00531133261335269,0.01716124946552945,0.054195880718484635,0.06997387685830068,0.09062965040057655,0.2802154338440049,0.7215918397425003,2.5549436926326363
Slovenia,0,0.0,0.0,0.0005561010642185509,0.001131407001903017,0.0035435584762642386,0.002504752811798967,0.00870776399247973,0.022045934202136075,0.046886202236156,0.08637398792472874
Sweden,0,0.0,0.0,0.008521341499205805,0.014019402581215406,0.029149089279679588,0.04791509173370355,0.130735853760244,0.2989870395637756,0.24389232798359137,0.7395853147745649
Eswatini,0,0.0,0.0,0.0,0.002528939703048237,0.019458070166855163,0.04092816004395038,0.05961277408689412,0.07699063518400008,0.29574333918641854,1.1774125493206948
Sint Maarten (Dutch part),0,0.0,0.0,0.0,0.0006101090381093716,0.0029297628484054017,0.004103926412896438,0.01306978089402344,0.03348471709724403,0.018143279050824464,0.11447500637063897
Seychelles,0,0.0,0.0,0.07455229892179949,0.17529423988068638,0.2942670330145139,0.3903223743627221,0.44922477487563756,0.5493666052989289,1.794879549752444,4.974156250665406
Syrian Arab Republic,0,0.0,0.0,0.0,0.0021040045368566954,0.009463785187088812,0.024776210536482705,0.021326187783855845,0.06369629419278333,2.6119032216632196,9.657780010244355
Turks and Caicos Islands,0,0.0,0.0,0.0003570895937790792,0.0008205309434260928,0.0002490275928847042,0.0006883167282213797,0.0015559535658717745,0.0006890798798635817,0.002185685236548779,0.0014449547155311604
Chad,0,0.0,0.0,0.0,0.00021720017836220534,0.0011599857004797663,0.001262090636529929,0.004422688073767118,0.004003106025736581,0.007202838244561642,0.02282013534131156
East Asia & Pacific (IDA & IBRD countries),0,0.0,0.0,0.0,2.7242371939327527e-05,0.0001662891699779723,0.0008061858531730282,0.0007735793485303775,0.001090880559923401,0.0043795592556742525,0.021111334732151113
Europe & Central Asia (IDA & IBRD countries),0,0.0,0.0,0.0036854243647750544,0.005290375594543568,0.013373439556332106,0.02737671175533607,0.053844632715744425,0.028483774140277085,0.07537690886042583,0.1854948225274498
Togo,0,0.0,0.0,0.0,0.0004842860887371749,0.0018816305773965822,0.001916869327132518,0.006740679973297521,0.007406009679175365,0.02194922903289869,0.059613407231328214
Thailand,0,0.0,0.0,0.0,0.0005848678464393128,0.0025238988527470194,0.0024140721010827686,0.009012044136059624,0.00855712780577723,0.011749227252649354,0.047616276956319585
Tajikistan,0,0.0,0.0,0.000885222102225448,0.00504083931098827,0.009472009676773023,0.023556440475683796,0.04783125023668478,0.09221539303809723,0.04451183798210823,0.13579504920634242
Turkmenistan,0,0.0,0.0,0.00026941542241644086,0.0002840532109359756,0.000412959875510605,0.0006147375884515908,0.002289699772383019,0.005955862368879499,0.003032677774109733,0.010575993183289726
Latin America & the Caribbean (IDA & IBRD countries),0,0.0,0.0,42.613706779030856,32.34084773359659,23.01938382268259,11.350942047651557,4.755464234156453,7.81894157889425,13.412536907813543,3.104617465403944
Timor-Leste,0,0.0,0.0,0.0,0.00040679457812863647,0.0004436310056570168,0.0018878569549465988,0.00578749789305071,0.0033020355903101485,0.011537668267090278,0.03084593019992532
Middle East & North Africa (IDA & IBRD countries),0,0.0,0.0,0.0,0.04482119649237725,0.10826091404027319,0.1485637639932999,0.3840877025946789,0.8363392015759907,1.6651609380169965,0.5292873017172137
Tonga,0,0.0,0.0,0.0,4.9704984349557266e-05,0.0017546258837473068,0.004635490340770567,0.0075689838725084176,0.03537337179809246,0.10878686576659538,0.03870697044599419
South Asia (IDA & IBRD),0,0.0,0.0,0.012393109431156277,0.08103110714604476,0.16426066267117223,0.25478063127831524,0.3310362520670611,1.140829996279852,7.434575922968174,25.364542448418526
Sub-Saharan Africa (IDA & IBRD countries),0,0.0,0.0,0.012393109431156277,0.040084126879434204,0.03559816357638089,0.03490018934081522,0.03544049804639557,0.11702099700169327,0.09687081484080973,0.3146449646102294
Trinidad and Tobago,0,0.0,0.0,0.0,0.003882905556462524,0.006434524605379842,0.015529110633558826,0.0437445604898376,0.09939598470413688,0.04409169895305898,0.11725693743837097
Tunisia,0,0.0,0.0,0.006196554715578138,0.033776497995555994,0.09444943373007433,0.08281361004714355,0.18307918142577692,0.11674301604176238,0.31236583007614405,0.38710220549521945
Turkey,0,0.0,0.0,0.06816210187135952,0.21091271188431626,0.1768447258673186,0.3054131276432806,0.07451617103660849,0.13500004224055112,0.04895590623916379,0.03788485874975382
Tuvalu,0,0.0,0.0,0.0,0.0037920317577312375,0.00720800426300742,0.020052254769763838,0.006346975327414947,0.021106080280775402,0.05250710539430971,0.11299110732386708
Tanzania,0,0.0,0.0,0.0,0.005408203230086875,0.012538616537266078,0.03960657860793487,0.03824298712425006,0.11854428107519838,0.11971368461315941,0.08218638537246016
Uganda,0,0.0,0.0,0.0,0.0,0.0004895846339806707,0.0008753894900097704,0.0008646350860332227,0.0035362061265776183,0.0022416813350908376,0.007732475687102465
Ukraine,0,0.0,0.0,0.0,0.00531133261335269,0.019384703397774324,0.07358058411360147,0.0852272364180976,0.11026091477243442,0.3904763485426449,0.7233062744050538
Upper middle income,0,0.0,0.0,0.0,0.0,0.002528939703048237,0.02198700986934323,0.04539634670397398,0.06994350168344324,0.0908576187966354,0.38660095792545596
Uruguay,0,0.0,0.0,0.0,0.0,0.0006101090381093716,0.0035398718864730486,0.0043469751803196155,0.017416756072847796,0.05090147313971902,0.018306137180669528
United States,0,0.0,0.0,0.0,0.0,0.0021040045368566954,0.011567789723894573,0.03634400025848002,0.02962806589739446,0.09332436008164671,2.612312973799697
Uzbekistan,0,0.0,0.0,0.0,0.0,2.7242371939327527e-05,0.0001691382137569639,0.0009753240669089927,0.00089034492322768,0.0012671694352025867,0.005646728690297585
St. Vincent and the Grenadines,0,0.0,0.0,0.0,0.0036854243647750544,0.006833184507566083,0.020206624063424328,0.04758333581049271,0.10142796843649805,0.04775192455015177,0.12312883334832089
Venezuela, RB,0,0.0,0.0,0.0,42.613706779030856,36.07429809337374,26.13000034566828,13.158810184209969,5.879426429574601,9.044560248678408,15.350704022755387
British Virgin Islands,0,0.0,0.0,0.0,0.0,0.00040679457812863647,0.0004920381518467244,0.0023798951067667885,0.008167392998624201,0.004590149940266528,0.016127818203137922
Virgin Islands (U.S.),0,0.0,0.0,0.0,0.0,0.04482119649237725,0.12341093386070356,0.17372533356031317,0.5578130361207913,1.3941522370768882,3.0593131680845858
Vietnam,0,0.0,0.0,0.0,0.012393109431156277,0.09342421657397719,0.19583899710463232,0.2947091562063529,0.3978007070036472,1.5386307031124642,7.523714345084649
Vanuatu,0,0.0,0.0,0.0,0.012393109431156277,0.05247723630787293,0.05098724052121907,0.04530083413095999,0.04587510426683981,0.16289610124347045,0.09757109912450812
World,0,0.0,0.0,0.0,0.0,0.0,0.002528939703048237,0.0245159495718313,0.05097537707153854,0.07998028442220032,0.09119568107098007
Samoa,0,0.0,0.0,0.0,0.0,0.0036854243647750544,0.008078895388703747,0.028285519451465693,0.07586885524575804,0.17729682345411735,0.049165972992203655
Kosovo,0,0.0,0.0,0.0,0.0,42.613706779030856,39.880419285008216,28.052271834175905,15.093634059707398,7.0894790443683995,9.473469163630137
Yemen, Rep.,0,0.0,0.0,0.0,0.0,0.0,0.04482119649237725,0.1326211101043292,0.20376978906484106,0.7615828251385792,2.155735061059956
South Africa,0,0.0,0.0,0.0,0.0,0.0,0.0,0.002528939703048237,0.02704488927431937,0.05630037304967823,0.08022124054837149
Zambia,0,0.0,0.0,0.0,0.0,0.0,42.613706779030856,42.65603652984663,30.322285033794607,17.026367116785664,7.448054233434529
Zimbabwe,0,0.0,0.0,0.0,0.0,0.0,0.0,0.04482119649237725,0.14285487721773343,0.23156531082569723,0.993148135903511
